L,margin,margin2,total,total2,deficit,n_primes,g_log2,validation
0.2,1.1050862437828575,1.4000890776748274,1.1050862437828575,1.4000890776748274,0.0,0,0.0,1.8505997989198968e-05
0.25,0.8814907977545573,1.1767967082147126,0.8814907977545573,1.1767967082147126,0.0,0,0.0,2.3937618857583995e-05
0.3,0.6986112528195301,0.9942919985768408,0.6986112528195301,0.9942919985768408,0.0,0,0.0,3.0448171792754827e-05
0.3366,0.5830215096647436,0.8790228443059651,0.5830215096647436,0.8790228443059651,0.0,0,0.0,3.550543221365267e-05
0.35,0.5437929886824536,0.8399243787835791,0.543181576529769,0.8405823212491541,0.04766904968243393,1,0.000637517060495609,3.741621384495005e-05
0.3566,0.5250151226889885,0.8212113525370817,0.5126317017336837,0.8296798518545825,0.4163221647607974,1,0.016173763820698798,3.835240536112889e-05
0.4,0.4094798009518767,0.7061422877277809,0.23858346678020184,0.7836651575129386,0.49012775565918326,1,0.21789586523611854,4.464468442861663e-05
0.45,0.29079509335324305,0.5880746205408656,0.0717302967541843,0.5054685274269368,0.49012907172482656,1,0.23705797915704183,5.219472949865372e-05
0.5,0.1844061892109122,0.4823953383600145,0.013567284001760965,0.20392307789212014,0.49012907173436093,1,0.1926557677326764,6.011644540922496e-05
0.5393,0.10784037214977178,0.40645616427840114,0.0017429970869696281,0.06651594934070108,0.4901290717342642,1,0.15853544212993362,6.665735604940451e-05
0.55,0.08793297643962641,0.3867319282797857,0.0010121767354531613,0.03975463742831542,0.49012907173424064,2,0.15239499528917083,6.872116923854972e-05
0.5593,0.07093313564797393,0.3698949300916862,0.0007023662740238795,0.023619193715051306,0.6188408461137966,2,0.1477419604079107,7.012164312581732e-05
0.6,-0.00038509538497255943,0.2993324074594924,7.791541936073715e-05,0.003939905303472323,0.8995245633469435,2,0.12150450302812378,7.687850012180026e-05
0.65,-0.08188825588468143,0.21886608018989467,2.6955523554875337e-06,0.00022572845290665908,0.900926021659491,2,0.09537757360578485,8.518745655012061e-05
0.6831,-0.1326138845330075,0.16889681333811,2.834797695298763e-07,2.4839161495911256e-05,0.9009276138885354,2,0.08024154175707313,9.13686769018157e-05
0.7,-0.1576215287209046,0.1442982816782639,6.484480037410642e-08,7.94009434283383e-06,0.904500360402749,3,0.07244431988791515,9.408347443554803e-05
0.7031,-0.16214688702774605,0.13984988081417513,4.958792812070012e-08,6.157865682423903e-06,0.9339779196575752,3,0.07124134852219223,9.44258676244482e-05
0.75,-0.22841658177822388,0.07480847838633517,8.511932883630195e-10,1.0640581243422656e-07,1.1666653198557502,3,0.054401055131800075,0.00010316736187121493
0.7947,-0.28807945694812737,0.016440425561320162,1.2049125384563565e-11,2.042629076875306e-09,1.1996073909807148,3,0.03873123695659638,0.0001102270558335089
0.8,-0.294947060097162,0.009734836757080402,6.961509505739492e-12,1.2496512962916855e-09,1.208316585475159,3,0.03714274081558862,0.00011150395287736587
0.8147,-0.31377934916714184,-0.008637749296216538,1.7760604881462392e-12,2.699666308187462e-10,1.2216008285487752,4,0.03296866618667554,0.00011539077494287173
0.85,-0.35776706533085395,-0.051464391118747656,2.111951046187381e-13,7.385336509442167e-12,1.4087769807576456,4,0.02277095425221073,0.00011985666123999891
0.9,-0.4173386055096677,-0.1092384055565733,2.600531667446273e-14,1.8096222875837513e-13,1.4531171724703926,4,0.3037376492218813,0.00012942712049616618
0.95,-0.4740515648323705,-0.16396395793930033,2.1777152460241708e-14,3.979723298115495e-14,1.581600630764994,4,0.29404956531107174,0.00013709446230510448
0.963,-0.488370912944424,-0.17773373218456776,7.80824314443792e-17,3.12339481146275e-15,1.5866038460663616,4,0.44024755264725146,0.00013897551726186542
0.983,-0.5100801008764392,-0.19856955401069779,1.1824444268096184e-14,1.6768163834069754e-14,1.6221940516273998,5,0.17740670117101487,0.0001431262800450157
1.0,-0.5282385143978542,-0.21596028514004795,-2.188990687894024e-14,-1.660775158941977e-14,1.64061206098794,5,0.4465341177248899,0.00014765622609972485
1.0297,-0.5593488853653114,-0.24566713358201256,-7.961513936790719e-15,2.165127948104958e-14,1.6864070640966784,5,-0.23113849186331084,0.0001525327067328668
1.0497,-0.579880377229155,-0.2652099765728705,-3.54990868710642e-14,1.2964754164460415e-14,1.6978184507905312,6,-0.3174632857078547,0.00015392179361471776
1.05,-0.5801858848190292,-0.26550038410131027,-3.5403692249767705e-14,-1.3898866479043798e-15,1.6977532698964137,6,0.17054439820697848,0.00015395631668860865
1.0886,-0.6189160528504857,-0.3022150083165561,-4.106688197240577e-14,9.069530599530794e-15,1.7648113911367673,6,-0.42305387289707935,0.0001595168572913071
1.1,-0.6301424995018178,-0.3128196698125393,-8.493907190421754e-14,-5.290178172768358e-14,1.8102164391259203,7,0.37080829191329173,0.00016096417823950666
1.1086,-0.6385504778786094,-0.3207503036093762,-4.64303089096757e-14,-3.4849197556109354e-14,1.8277844174850022,7,0.6212324994368676,0.00016227076325912247
1.15,-0.6783261923270029,-0.3581226964083832,-2.274720567524945e-14,-1.9881343620043227e-14,1.900233887081584,7,-0.00408291727682992,0.0001683440339135442
1.1889,-0.7147107073233457,-0.3920892882374628,-5.669704312797462e-14,-1.0940204099318351e-14,1.9748320313565788,7,0.10859374864985463,0.00017460884221385227
1.2,-0.7249290036630457,-0.40158844098752194,-6.567774698735663e-14,-4.217501350637395e-14,1.983844362265501,8,-0.167363847798912,0.00017342047951897718
1.2089,-0.7330715492349856,-0.40914528532020655,-6.063682113492969e-14,-8.658910150941526e-15,2.0169458659914348,8,-0.12269301128085973,0.00017247042848068104
1.25,-0.7701213911343128,-0.44337451147517476,-6.321384991756234e-14,-4.488151562778293e-14,1.999885457215406,8,-0.14569275720928015,0.00015831741464680568
1.2725,-0.7900380424961355,-0.46166881116760194,-1.0007073994520011e-13,-5.570010877394335e-14,2.011502008367066,8,-0.3550683386510707,0.00010877667628832778
1.2925,-0.807538763809373,-0.4776771903962975,-1.7641243491720194e-13,-8.843013120349045e-14,2.013005688952187,9,-0.1370710484695491,2.761628345972911e-05
1.3,-0.8140541937923009,-0.48362067496939204,-8.26926156669369e-14,-7.707039112312683e-14,2.0184653179546124,9,0.6115955946259846,1.2349103114162052e-05
1.35,-0.8568647893090066,-0.5224509318608662,-1.1448902034072897e-13,-9.761822310251294e-14,2.1234371310626563,9,0.20912052410160947,4.974195961329887e-06
1.3763,-0.8789744825151394,-0.5423455652766481,-6.371959989211196e-14,-6.025022299876516e-14,2.25900982780682,9,0.6928002549481774,4.121286779511948e-06
1.3963,-0.8956130278154549,-0.5572422984328503,-9.345732926217511e-14,-5.637528820679394e-14,2.269818417479979,10,0.5247776140513514,3.731020775304745e-06
1.4,-0.8986752813012727,-0.5599767221303067,-1.1432711236166283e-13,-1.0669176827350082e-13,2.2686286528328394,10,0.5491489097526102,2.9907011870838776e-06
1.4066,-0.9041256188059646,-0.5648380102009125,-1.554616407939298e-13,-1.382565017598183e-13,2.285875553353853,10,-0.04333521218212288,2.88364841365955e-06
1.4266,-0.9205493875495898,-0.5794436505600086,-6.156826956695459e-12,-1.7347989291562553e-13,2.3331538257944135,11,0.6418805620380275,2.3018835231674364e-06
1.45,-0.9395962176424876,-0.5962981039388309,-2.2052135559468176e-12,-4.923467716220048e-14,2.3893953353844832,11,0.6632167315618289,2.2084778722535795e-06
1.4622,-0.949457599602924,-0.6049880647408581,-1.6481486670026052e-13,-9.264710091904808e-14,2.4169003505420035,11,0.07963422304031749,2.1675816402697517e-06
1.4822,-0.9655255247258157,-0.6190940141359226,-1.043654935051053e-13,-6.993043504782627e-14,2.4291433487896543,12,-0.04293743123867369,1.7555838882618882e-06
1.5,-0.9797277361041135,-0.6315054555481369,-1.2082191014705193e-13,-6.147048476102515e-14,2.431103978824637,12,-0.2114291359663943,1.7511554485586543e-06
1.55,-1.0191607463042835,-0.6656807295229797,-1.1442932843111397e-13,-1.055467407368752e-13,2.5124855895343816,12,0.14835650612131338,1.4862453650434026e-06
1.5577,-1.0251767895438855,-0.6708568116096416,-6.270613802921767e-14,-4.6294643182966405e-14,2.586408825323063,12,-0.24920034294467233,1.045694224339381e-06
1.5777,-1.0407366539870138,-0.6841970794223844,-5.350145375882373e-14,-4.769074405754418e-14,2.6853944946688113,13,-0.3976078884646107,1.0782441059627975e-06
1.5994,-1.057515468929531,-0.6985053000365722,-7.041682084370754e-14,-4.508550531372208e-14,2.6959642276035916,13,-0.17540042684373414,1.3025511772166018e-06
1.6,-1.0579779284709196,-0.6988985095096315,-1.9711980464955426e-13,-1.2606946206666127e-13,2.695688394316248,13,0.1143170886015772,1.2842912114521815e-06
1.6194,-1.072889627803543,-0.7115438776373975,-6.676973242946373e-14,-5.558228578859108e-14,2.7676763183776596,14,-0.3959423091308005,1.0143633747795302e-06
1.6379,-1.0870374454217344,-0.7234815241230104,-1.296018964876451e-13,-1.1463763044747837e-13,2.788865768555452,14,0.20776435743370938,7.77621519566037e-07
1.65,-1.0962545698966562,-0.7312269049644687,-1.5582295247002088e-13,-1.18109784137727e-13,2.7875523107521456,15,0.3398213696789942,1.059092762268338e-06
1.6579,-1.1022574533450358,-0.7362575850925134,-1.5967787353593408e-13,-1.241866998514901e-13,2.8048033954062253,15,0.10253805653820648,8.072730543515275e-07
1.6736,-1.1141533268449,-0.7461949114330358,-1.3963151018433498e-13,-1.185439787470131e-13,2.828458120063573,15,0.315848319294023,8.343306410524424e-07
1.6936,-1.12924439319503,-0.758740219860048,-1.0676294488998022e-13,-5.337558260517166e-14,2.8308608522938683,16,0.08154850361520952,7.106784324197996e-07
1.7,-1.1340592731248227,-0.7627283072676002,-3.436084984664957e-13,-2.5549305167301217e-13,2.850634302411736,16,0.2087624977034538,8.500509904038404e-07
1.707,-1.139317906975718,-0.7670758229827929,-2.3746185654425016e-13,-1.6557562196554064e-13,2.8745264710488905,16,-0.3378882386502461,7.564274460438999e-07
1.7229,-1.1512336410527493,-0.7768956135636561,-1.6919718428093076e-13,-1.5057017382999082e-13,2.924943417631397,17,0.5454142412902713,6.428371121368008e-07
1.727,-1.1542998982135864,-0.7794154912732185,-3.4702993947514585e-13,-1.8480907757993833e-13,2.9342629868306034,17,-0.23150492685597507,6.894218679328686e-07
1.7429,-1.1661671878542672,-0.7891409523856956,-1.82111164433246e-13,-1.4231356587000926e-13,2.9561739100109516,18,0.6289022712567498,5.205337536587327e-07
1.75,-1.1714545569568875,-0.7934600336951936,-1.4428621894791278e-13,-9.736455879517313e-14,2.957248232273547,18,-0.2124800276304509,6.829618088181136e-07
1.7955,-1.2051765792554179,-0.8208015862232438,-3.1342142389901383e-13,-1.558114255536427e-13,3.153386602410069,18,0.21866359936936786,4.541744732824801e-07
1.8,-1.2084973676825088,-0.8234748802497456,-3.379586699373431e-13,-2.1069927025702325e-13,3.1812841101987295,18,0.2769735955635153,5.44903161480425e-07
1.8155,-1.2199173083041484,-0.8326416371862739,-3.6298624402334336e-13,-2.8128710112310397e-13,3.250082363657678,19,-0.005112917284082417,4.589372884755591e-07
1.8468,-1.2428961069421216,-0.8509625157297402,-1.7853557234985855e-13,-1.4672115055292449e-13,3.2786661520757203,19,0.4816063181154132,3.760962318249538e-07
1.85,-1.2452395205754194,-0.8528215946158427,-2.525989283312538e-13,-2.0542870867520697e-13,3.300232447651265,19,-0.13247530900245585,4.239060477507854e-07
1.8668,-1.2575257537312146,-0.8625401165380087,-1.4934752167157764e-13,-1.301700409623799e-13,3.3456785930836146,20,0.13347584539334909,4.2416220990410473e-07
1.8706,-1.2603010037845062,-0.8647287586972747,-1.3291461800316188e-13,-1.0189460807269996e-13,3.348553526611724,20,0.11873663472183608,3.5987444786105726e-07
1.8906,-1.274885594286588,-0.8761907855515376,-1.4310690400586323e-13,-1.165637328418749e-13,3.3636522727745652,21,0.5709765779007422,4.0374936610533186e-07
1.9,-1.2817280806351852,-0.8815452856981872,-3.9890032203201733e-13,-2.418184819812313e-13,3.3711291902064517,21,-0.12418692896397118,3.431974353178614e-07
1.9151,-1.292704292806271,-0.8901037631821267,-1.3412866051758052e-13,-9.829225763773579e-14,3.381708453877568,21,0.11668051050068155,4.396200912047512e-07
1.9351,-1.3072146943586367,-0.9013597228067388,-1.1037898860614241e-11,-1.3237100601143185e-13,3.3884752049892333,22,0.7548432600293229,3.899664144167402e-07
1.9359,-1.3077944831249066,-0.9018081045071321,-2.362593064446503e-13,-1.500848040936786e-13,3.388488526639489,22,-0.1159923264974704,3.930768982303707e-07
1.95,-1.318005694106447,-0.9096877790766306,-1.937710143198715e-13,-1.9086872745624232e-13,3.386969094232794,23,0.6883388189527008,2.821998306102371e-07
1.9559,-1.3222743544579931,-0.9129721113655763,-2.331603592242642e-13,-1.993095147872557e-13,3.391567539801466,23,-0.1087585695373554,3.398266189712843e-07
1.9751,-1.3361497852937185,-0.923608530887981,-3.5445257525339933e-13,-2.411714423135728e-13,3.443360288742169,23,0.07782503528094545,2.7251849178074154e-07
1.9951,-1.3505792066574036,-0.9346060372908238,-3.456292883672851e-13,-2.166344274411312e-13,3.4910911820114663,24,-0.24408114741730197,3.0735686631705426e-07
2.0,-1.3541108815955167,-0.9372879249094574,-2.7744643069272367e-13,-2.6818111611834474e-13,3.4983515026128598,24,-0.3690379559903484,2.55454901420885e-07
